Name,Phonenumber,email,role,subject1,subject2,subject3,salary,status,workinghour
quynh,2343423,quynh@gmail.com,Student,german,math,physics,XXX,XXX,XXX
Vinh,1242144,vd@gmail.com,Student,python,physics,english,XXX,XXX,XXX
Thang,234523423,thangnguyen@gmail.com,Student,math,english,physics,XXX,XXX,XXX
thien,234834723,thienvy@gmail.com,Teacher,physics,chemistry,XXX,234,XXX,XXX
quan,12349182,quan@gmail.com,Student,math,english,german,XXX,XXX,XXX
DangVinh,9823432,Dangvinh@gmail.com,Teacher,english,physics,XXX,123,XXX,XXX
quyen,91234123,quyen@gmail.com,Teacher,english,physics,XXX,234,XXX,XXX
QuangVinh,234342234,QuangVinh@gmail.com,Teacher,math,english,XXX,12,XXX,XXX
Vinh,23441142,vinhdang@gmail.com,Admin,XXX,XXX,XXX,123,Fulltime,123
ThienNGuyen,12412321,tn@gmail.com,Admin,XXX,XXX,XXX,23,Partime,34
